{"ALBANY PARK": {"kwhMean": 21380525.46000003, "thermMean": 3334732.6099999994, "totalPopulation": 145619.0}, "ARCHER HEIGHTS": {"kwhMean": 28651620.349999998, "thermMean": 1378839.1999999993, "totalPopulation": 29591.0}, "ARMOUR SQUARE": {"kwhMean": 20667365.390000008, "thermMean": 1324748.0599999998, "totalPopulation": 35884.0}, "ASHBURN": {"kwhMean": 13589018.580000032, "thermMean": 1556602.3599999968, "totalPopulation": 63033.0}, "AUBURN GRESHAM": {"kwhMean": 22374177.06, "thermMean": 3802745.6099999934, "totalPopulation": 111768.0}, "AUSTIN": {"kwhMean": 65777328.79000011, "thermMean": 7863288.73, "totalPopulation": 248791.0}, "AVALON PARK": {"kwhMean": 4176023.6899999995, "thermMean": 722788.98, "totalPopulation": 20093.0}, "AVONDALE": {"kwhMean": 23589054.949999996, "thermMean": 2832709.299999995, "totalPopulation": 100963.0}, "BELMONT CRAGIN": {"kwhMean": 50652866.50999997, "thermMean": 5160783.039999996, "totalPopulation": 184432.0}, "BEVERLY": {"kwhMean": 9007970.389999999, "thermMean": 1193404.7999999998, "totalPopulation": 40407.0}, "BRIDGEPORT": {"kwhMean": 17464961.05999999, "thermMean": 3192653.029999997, "totalPopulation": 94691.0}, "BRIGHTON PARK": {"kwhMean": 20049355.260000013, "thermMean": 2917031.319999999, "totalPopulation": 106265.0}, "BURNSIDE": {"kwhMean": 3838749.0299999993, "thermMean": 368323.9099999999, "totalPopulation": 6334.0}, "CALUMET HEIGHTS": {"kwhMean": 5652571.159999993, "thermMean": 888300.1799999996, "totalPopulation": 21816.0}, "CHATHAM": {"kwhMean": 16211282.51000001, "thermMean": 2623303.859999997, "totalPopulation": 78964.0}, "CHICAGO LAWN": {"kwhMean": 18783927.92000001, "thermMean": 3012277.0199999954, "totalPopulation": 132770.0}, "CLEARING": {"kwhMean": 13151636.560000017, "thermMean": 1312587.7199999995, "totalPopulation": 41755.0}, "DOUGLAS": {"kwhMean": 21234846.68, "thermMean": 3426089.3399999994, "totalPopulation": 32365.0}, "DUNNING": {"kwhMean": 17978139.190000013, "thermMean": 2088067.0500000012, "totalPopulation": 82783.0}, "EAST GARFIELD PARK": {"kwhMean": 11474567.190000013, "thermMean": 2016059.1599999974, "totalPopulation": 60556.0}, "EAST SIDE": {"kwhMean": 6257976.43, "thermMean": 1028983.7499999999, "totalPopulation": 46955.0}, "EDGEWATER": {"kwhMean": 56791331.68999998, "thermMean": 6897691.08, "totalPopulation": 174293.0}, "EDISON PARK": {"kwhMean": 4185577.350000001, "thermMean": 602242.6899999998, "totalPopulation": 20929.0}, "ENGLEWOOD": {"kwhMean": 18104053.8, "thermMean": 3001767.179999997, "totalPopulation": 80300.0}, "FOREST GLEN": {"kwhMean": 83418772.64000013, "thermMean": 1007040.2700000008, "totalPopulation": 33036.0}, "FULLER PARK": {"kwhMean": 4077365.2, "thermMean": 354370.7200000002, "totalPopulation": 6437.0}, "GAGE PARK": {"kwhMean": 11817266.60000001, "thermMean": 3861653.259999997, "totalPopulation": 88274.0}, "GARFIELD RIDGE": {"kwhMean": 19839795.61000001, "thermMean": 1533277.2199999986, "totalPopulation": 52283.0}, "GRAND BOULEVARD": {"kwhMean": 16414693.34, "thermMean": 2066791.4699999997, "totalPopulation": 61460.0}, "GREATER GRAND CROSSING": {"kwhMean": 15772419.840000007, "thermMean": 2691698.3800000013, "totalPopulation": 90001.0}, "HEGEWISCH": {"kwhMean": 6256563.559999998, "thermMean": 669803.0299999998, "totalPopulation": 16199.0}, "HERMOSA": {"kwhMean": 10139599.929999996, "thermMean": 1908252.9099999985, "totalPopulation": 65810.0}, "HUMBOLDT PARK": {"kwhMean": 33502093.299999997, "thermMean": 4202990.639999996, "totalPopulation": 151487.0}, "HYDE PARK": {"kwhMean": 19306182.639999997, "thermMean": 3899168.5699999966, "totalPopulation": 101738.0}, "IRVING PARK": {"kwhMean": 32650881.560000055, "thermMean": 4189301.849999996, "totalPopulation": 162247.0}, "JEFFERSON PARK": {"kwhMean": 14054777.520000016, "thermMean": 1672357.7099999986, "totalPopulation": 61134.0}, "KENWOOD": {"kwhMean": 18538836.210000005, "thermMean": 3281548.62, "totalPopulation": 52725.0}, "LAKEVIEW": {"kwhMean": 102944582.44999994, "thermMean": 11235347.42, "totalPopulation": 334711.0}, "LINCOLN PARK": {"kwhMean": 103835238.82999998, "thermMean": 7308927.359999998, "totalPopulation": 228466.0}, "LINCOLN SQUARE": {"kwhMean": 41017836.21000003, "thermMean": 4078790.959999994, "totalPopulation": 124273.0}, "LOGAN SQUARE": {"kwhMean": 56017322.870000035, "thermMean": 6369242.599999995, "totalPopulation": 205276.0}, "LOOP": {"kwhMean": 976994525.3999996, "thermMean": 22342070.53999999, "totalPopulation": 41823.0}, "LOWER WEST SIDE": {"kwhMean": 59118642.14000004, "thermMean": 4199159.229999997, "totalPopulation": 106181.0}, "MCKINLEY PARK": {"kwhMean": 13485544.830000008, "thermMean": 1304688.38, "totalPopulation": 39352.0}, "MONTCLARE": {"kwhMean": 5662515.819999998, "thermMean": 791761.1599999998, "totalPopulation": 29830.0}, "MORGAN PARK": {"kwhMean": 10350785.46, "thermMean": 1323807.990000001, "totalPopulation": 43861.0}, "MOUNT GREENWOOD": {"kwhMean": 8745422.360000003, "thermMean": 1032443.9300000004, "totalPopulation": 29999.0}, "NEAR NORTH SIDE": {"kwhMean": 683811232.7999997, "thermMean": 21832046.510000013, "totalPopulation": 206424.0}, "NEAR SOUTH SIDE": {"kwhMean": 158934574.33, "thermMean": 3062248.54, "totalPopulation": 43177.0}, "NEAR WEST SIDE": {"kwhMean": 446044519.67999995, "thermMean": 8954673.519999998, "totalPopulation": 120910.0}, "NEW CITY": {"kwhMean": 52971135.18000002, "thermMean": 5272112.559999999, "totalPopulation": 113547.0}, "NORTH CENTER": {"kwhMean": 26296616.359999973, "thermMean": 2950976.899999994, "totalPopulation": 88793.0}, "NORTH LAWNDALE": {"kwhMean": 21719903.709999993, "thermMean": 3003840.669999999, "totalPopulation": 98820.0}, "NORTH PARK": {"kwhMean": 20950467.59, "thermMean": 1499228.8099999998, "totalPopulation": 41996.0}, "NORWOOD PARK": {"kwhMean": 18428483.249999993, "thermMean": 1963354.959999996, "totalPopulation": 68535.0}, "O'HARE": {"kwhMean": 23556846.389999986, "thermMean": 693543.9099999999, "totalPopulation": 35528.0}, "OAKLAND": {"kwhMean": 2878849.0199999996, "thermMean": 440960.22000000003, "totalPopulation": 17553.0}, "PORTAGE PARK": {"kwhMean": 35413140.31999993, "thermMean": 7615190.599999994, "totalPopulation": 163654.0}, "PULLMAN": {"kwhMean": 12594059.090000002, "thermMean": 883035.2500000007, "totalPopulation": 13557.0}, "RIVERDALE": {"kwhMean": 14736326.020000003, "thermMean": 1258653.09, "totalPopulation": 9333.0}, "ROGERS PARK": {"kwhMean": 43117939.81000005, "thermMean": 5495254.219999998, "totalPopulation": 204202.0}, "ROSELAND": {"kwhMean": 20735502.56000001, "thermMean": 3161204.3599999924, "totalPopulation": 85236.0}, "SOUTH CHICAGO": {"kwhMean": 13353251.419999998, "thermMean": 2252376.8299999987, "totalPopulation": 82987.0}, "SOUTH DEERING": {"kwhMean": 13574089.000000004, "thermMean": 998278.9400000002, "totalPopulation": 29273.0}, "SOUTH LAWNDALE": {"kwhMean": 39569869.48000002, "thermMean": 4188423.429999997, "totalPopulation": 208288.0}, "SOUTH SHORE": {"kwhMean": 20341937.09000002, "thermMean": 5696618.069999997, "totalPopulation": 178130.0}, "UPTOWN": {"kwhMean": 42329019.80999999, "thermMean": 4669401.920000002, "totalPopulation": 230768.0}, "WASHINGTON HEIGHTS": {"kwhMean": 8924822.629999992, "thermMean": 1485135.7599999981, "totalPopulation": 48274.0}, "WASHINGTON PARK": {"kwhMean": 8138171.789999998, "thermMean": 1170755.92, "totalPopulation": 40305.0}, "WEST ELSDON": {"kwhMean": 9023473.879999988, "thermMean": 768973.3600000005, "totalPopulation": 32028.0}, "WEST ENGLEWOOD": {"kwhMean": 16550814.930000009, "thermMean": 2491852.5300000003, "totalPopulation": 79245.0}, "WEST GARFIELD PARK": {"kwhMean": 8400682.060000006, "thermMean": 1576959.2699999996, "totalPopulation": 47976.0}, "WEST LAWN": {"kwhMean": 60116158.440000005, "thermMean": 2781891.239999999, "totalPopulation": 59536.0}, "WEST PULLMAN": {"kwhMean": 11536093.160000002, "thermMean": 1970247.1999999986, "totalPopulation": 56816.0}, "WEST RIDGE": {"kwhMean": 37704999.03000002, "thermMean": 5587577.160000002,