{"ALBANY PARK": {"kwhMean": 18689.270506993034, "thermMean": 2909.8888394415353, "totalPopulation": 126.18630849220104}, "ARCHER HEIGHTS": {"kwhMean": 74808.40822454308, "thermMean": 3562.891989664081, "totalPopulation": 74.91392405063291}, "ARMOUR SQUARE": {"kwhMean": 75154.05596363639, "thermMean": 4799.8118115942025, "totalPopulation": 127.2482269503546}, "ASHBURN": {"kwhMean": 15691.70736720558, "thermMean": 1835.615990566034, "totalPopulation": 72.61866359447005}, "AUBURN GRESHAM": {"kwhMean": 15834.520212314224, "thermMean": 2712.3720470756016, "totalPopulation": 78.37868162692847}, "AUSTIN": {"kwhMean": 26258.41468662679, "thermMean": 3166.850072492952, "totalPopulation": 98.41416139240506}, "AVALON PARK": {"kwhMean": 12465.742358208954, "thermMean": 2183.6525075528702, "totalPopulation": 59.62314540059347}, "AVONDALE": {"kwhMean": 24293.568434603498, "thermMean": 2905.342871794867, "totalPopulation": 102.18927125506073}, "BELMONT CRAGIN": {"kwhMean": 28250.34384272168, "thermMean": 2883.1190167597747, "totalPopulation": 101.78366445916114}, "BEVERLY": {"kwhMean": 16056.988217468803, "thermMean": 2108.4890459363955, "totalPopulation": 71.26455026455027}, "BRIDGEPORT": {"kwhMean": 18599.532545260907, "thermMean": 3385.6341781548217, "totalPopulation": 99.46533613445378}, "BRIGHTON PARK": {"kwhMean": 21038.14822665269, "thermMean": 3067.330515247107, "totalPopulation": 110.57752341311134}, "BURNSIDE": {"kwhMean": 33380.426347826084, "thermMean": 3230.9114912280693, "totalPopulation": 54.60344827586207}, "CALUMET HEIGHTS": {"kwhMean": 11559.45022494886, "thermMean": 1812.8575102040809, "totalPopulation": 44.16194331983806}, "CHATHAM": {"kwhMean": 16508.43432790225, "thermMean": 2715.635465838506, "totalPopulation": 79.92307692307692}, "CHICAGO LAWN": {"kwhMean": 13862.677431734324, "thermMean": 2247.967925373131, "totalPopulation": 96.91240875912409}, "CLEARING": {"kwhMean": 21702.370561056134, "thermMean": 2217.2089864864856, "totalPopulation": 68.33878887070377}, "DOUGLAS": {"kwhMean": 117319.59491712708, "thermMean": 18721.799672131143, "totalPopulation": 170.3421052631579}, "DUNNING": {"kwhMean": 16478.5877085243, "thermMean": 1928.039750692522, "totalPopulation": 75.53193430656934}, "EAST GARFIELD PARK": {"kwhMean": 18779.979034369906, "thermMean": 3305.015016393438, "totalPopulation": 97.0448717948718}, "EAST SIDE": {"kwhMean": 10588.79260575296, "thermMean": 1714.9729166666664, "totalPopulation": 77.74006622516556}, "EDGEWATER": {"kwhMean": 55406.17725853657, "thermMean": 6742.611026392962, "totalPopulation": 167.58942307692308}, "EDISON PARK": {"kwhMean": 12839.194325153378, "thermMean": 1847.3702147239258, "totalPopulation": 63.61398176291793}, "ENGLEWOOD": {"kwhMean": 16701.15664206642, "thermMean": 2842.582556818179, "totalPopulation": 72.66968325791855}, "FOREST GLEN": {"kwhMean": 160729.81240847812, "thermMean": 1947.8535203094793, "totalPopulation": 63.653179190751445}, "FULLER PARK": {"kwhMean": 32881.977419354844, "thermMean": 3028.8095726495744, "totalPopulation": 51.496}, "GAGE PARK": {"kwhMean": 14446.536185819084, "thermMean": 4744.0457739557705, "totalPopulation": 106.74002418379686}, "GARFIELD RIDGE": {"kwhMean": 21635.54592148311, "thermMean": 1686.7736193619346, "totalPopulation": 56.52216216216216}, "GRAND BOULEVARD": {"kwhMean": 26138.046719745224, "thermMean": 3360.6365365853653, "totalPopulation": 96.94006309148266}, "GREATER GRAND CROSSING": {"kwhMean": 14325.540272479571, "thermMean": 2471.715684113867, "totalPopulation": 80.57385854968666}, "HEGEWISCH": {"kwhMean": 19133.221896024457, "thermMean": 2067.293302469135, "totalPopulation": 49.38719512195122}, "HERMOSA": {"kwhMean": 18236.69052158273, "thermMean": 3413.6903577817507, "totalPopulation": 116.68439716312056}, "HUMBOLDT PARK": {"kwhMean": 22790.53965986394, "thermMean": 2868.9355904436834, "totalPopulation": 101.5328418230563}, "HYDE PARK": {"kwhMean": 46633.291400966176, "thermMean": 9747.921424999991, "totalPopulation": 241.08530805687204}, "IRVING PARK": {"kwhMean": 20068.15092808854, "thermMean": 2574.8628457283316, "totalPopulation": 98.69038929440389}, "JEFFERSON PARK": {"kwhMean": 17524.66024937658, "thermMean": 2034.4984306569327, "totalPopulation": 74.01210653753027}, "KENWOOD": {"kwhMean": 78888.66472340428, "thermMean": 14023.712051282051, "totalPopulation": 222.46835443037975}, "LAKEVIEW": {"kwhMean": 50364.27712818001, "thermMean": 5502.129000979432, "totalPopulation": 162.00919651500485}, "LINCOLN PARK": {"kwhMean": 70588.19770904146, "thermMean": 5054.583236514522, "totalPopulation": 154.05664194200943}, "LINCOLN SQUARE": {"kwhMean": 33704.0560476582, "thermMean": 3393.336905158065, "totalPopulation": 101.36460032626428}, "LOGAN SQUARE": {"kwhMean": 24187.099684801397, "thermMean": 2750.1047495682187, "totalPopulation": 87.61246265471618}, "LOOP": {"kwhMean": 6183509.654430377, "thermMean": 155153.26763888882, "totalPopulation": 256.5828220858896}, "LOWER WEST SIDE": {"kwhMean": 61774.96566353191, "thermMean": 4320.12266460905, "totalPopulation": 107.68864097363083}, "MCKINLEY PARK": {"kwhMean": 29835.276172566388, "thermMean": 2892.8788913525495, "totalPopulation": 85.92139737991266}, "MONTCLARE": {"kwhMean": 16132.523703703699, "thermMean": 2275.1757471264364, "totalPopulation": 84.02816901408451}, "MORGAN PARK": {"kwhMean": 16996.363645320198, "thermMean": 2206.3466500000013, "totalPopulation": 71.43485342019544}, "MOUNT GREENWOOD": {"kwhMean": 23764.73467391305, "thermMean": 2813.19871934605, "totalPopulation": 81.07837837837837}, "NEAR NORTH SIDE": {"kwhMean": 1076868.083149606, "thermMean": 34819.850893141964, "totalPopulation": 309.94594594594594}, "NEAR SOUTH SIDE": {"kwhMean": 1358415.1652136752, "thermMean": 26398.69431034483, "totalPopulation": 359.80833333333334}, "NEAR WEST SIDE": {"kwhMean": 478588.5404291845, "thermMean": 9526.248425531912, "totalPopulation": 125.03619441571871}, "NEW CITY": {"kwhMean": 40967.62194895594, "thermMean": 4112.412293291731, "totalPopulation": 86.41324200913242}, "NORTH CENTER": {"kwhMean": 22285.26810169489, "thermMean": 2507.202124044175, "totalPopulation": 74.55331654072208}, "NORTH LAWNDALE": {"kwhMean": 21611.844487562183, "thermMean": 3006.8475175175167, "totalPopulation": 96.03498542274052}, "NORTH PARK": {"kwhMean": 44861.814967880084, "thermMean": 3238.075183585313, "totalPopulation": 89.16348195329087}, "NORWOOD PARK": {"kwhMean": 17000.445802583017, "thermMean": 1838.3473408239663, "totalPopulation": 62.93388429752066}, "O'HARE": {"kwhMean": 189974.5676612902, "thermMean": 6421.70287037037, "totalPopulation": 298.5546218487395}, "OAKLAND": {"kwhMean": 26905.13102803738, "thermMean": 4121.123551401869, "totalPopulation": 162.52777777777777}, "PORTAGE PARK": {"kwhMean": 20411.031884726188, "thermMean": 4417.163921113685, "totalPopulation": 93.57004002287022}, "PULLMAN": {"kwhMean": 67347.90957219253, "thermMean": 4773.1635135135175, "totalPopulation": 72.11170212765957}, "RIVERDALE": {"kwhMean": 320354.9134782609, "thermMean": 21700.915344827587, "totalPopulation": 153.0}, "ROGERS PARK": {"kwhMean": 40035.22730733523, "thermMean": 5203.839223484846, "totalPopulation": 188.37822878228783}, "ROSELAND": {"kwhMean": 14163.59464480875, "thermMean": 2189.1996952908535, "totalPopulation": 57.787118644067796}, "SOUTH CHICAGO": {"kwhMean": 13420.353185929645, "thermMean": 2284.357839756591, "totalPopulation": 82.24677898909812}, "SOUTH DEERING": {"kwhMean": 34627.7780612245, "thermMean": 2606.472428198434, "totalPopulation": 74.67602040816327}, "SOUTH LAWNDALE": {"kwhMean": 30182.966803966454, "thermMean": 3177.8629969650965, "totalPopulation": 156.84337349397592}, "SOUTH SHORE": {"kwhMean": 16965.752368640548, "thermMean": 4807.272632911389, "totalPopulation": 146.247947454844}, "UPTOWN": {"kwhMean": 50152.8670734597, "thermMean": 5572.078663484489, "totalPopulation": 271.17273795534663}, "WASHINGTON HEIGHTS": {"kwhMean": 11590.67874025973, "thermMean": 1938.8195300261073,