{"ALBANY PARK": {"kwhMean": 18689.270506993034, "thermMean": 2909.8888394415353, "totalPopulation": 145619.0}, "ARCHER HEIGHTS": {"kwhMean": 74808.40822454308, "thermMean": 3562.891989664081, "totalPopulation": 29591.0}, "ARMOUR SQUARE": {"kwhMean": 75154.05596363639, "thermMean": 4799.8118115942025, "totalPopulation": 35884.0}, "ASHBURN": {"kwhMean": 15691.70736720558, "thermMean": 1835.615990566034, "totalPopulation": 63033.0}, "AUBURN GRESHAM": {"kwhMean": 15834.520212314224, "thermMean": 2712.3720470756016, "totalPopulation": 111768.0}, "AUSTIN": {"kwhMean": 26258.41468662679, "thermMean": 3166.850072492952, "totalPopulation": 248791.0}, "AVALON PARK": {"kwhMean": 12465.742358208954, "thermMean": 2183.6525075528702, "totalPopulation": 20093.0}, "AVONDALE": {"kwhMean": 24293.568434603498, "thermMean": 2905.342871794867, "totalPopulation": 100963.0}, "BELMONT CRAGIN": {"kwhMean": 28250.34384272168, "thermMean": 2883.1190167597747, "totalPopulation": 184432.0}, "BEVERLY": {"kwhMean": 16056.988217468803, "thermMean": 2108.4890459363955, "totalPopulation": 40407.0}, "BRIDGEPORT": {"kwhMean": 18599.532545260907, "thermMean": 3385.6341781548217, "totalPopulation": 94691.0}, "BRIGHTON PARK": {"kwhMean": 21038.14822665269, "thermMean": 3067.330515247107, "totalPopulation": 106265.0}, "BURNSIDE": {"kwhMean": 33380.426347826084, "thermMean": 3230.9114912280693, "totalPopulation": 6334.0}, "CALUMET HEIGHTS": {"kwhMean": 11559.45022494886, "thermMean": 1812.8575102040809, "totalPopulation": 21816.0}, "CHATHAM": {"kwhMean": 16508.43432790225, "thermMean": 2715.635465838506, "totalPopulation": 78964.0}, "CHICAGO LAWN": {"kwhMean": 13862.677431734324, "thermMean": 2247.967925373131, "totalPopulation": 132770.0}, "CLEARING": {"kwhMean": 21702.370561056134, "thermMean": 2217.2089864864856, "totalPopulation": 41755.0}, "DOUGLAS": {"kwhMean": 117319.59491712708, "thermMean": 18721.799672131143, "totalPopulation": 32365.0}, "DUNNING": {"kwhMean": 16478.5877085243, "thermMean": 1928.039750692522, "totalPopulation": 82783.0}, "EAST GARFIELD PARK": {"kwhMean": 18779.979034369906, "thermMean": 3305.015016393438, "totalPopulation": 60556.0}, "EAST SIDE": {"kwhMean": 10588.79260575296, "thermMean": 1714.9729166666664, "totalPopulation": 46955.0}, "EDGEWATER": {"kwhMean": 55406.17725853657, "thermMean": 6742.611026392962, "totalPopulation": 174293.0}, "EDISON PARK": {"kwhMean": 12839.194325153378, "thermMean": 1847.3702147239258, "totalPopulation": 20929.0}, "ENGLEWOOD": {"kwhMean": 16701.15664206642, "thermMean": 2842.582556818179, "totalPopulation": 80300.0}, "FOREST GLEN": {"kwhMean": 160729.81240847812, "thermMean": 1947.8535203094793, "totalPopulation": 33036.0}, "FULLER PARK": {"kwhMean": 32881.977419354844, "thermMean": 3028.8095726495744, "totalPopulation": 6437.0}, "GAGE PARK": {"kwhMean": 14446.536185819084, "thermMean": 4744.0457739557705, "totalPopulation": 88274.0}, "GARFIELD RIDGE": {"kwhMean": 21635.54592148311, "thermMean": 1686.7736193619346, "totalPopulation": 52283.0}, "GRAND BOULEVARD": {"kwhMean": 26138.046719745224, "thermMean": 3360.6365365853653, "totalPopulation": 61460.0}, "GREATER GRAND CROSSING": {"kwhMean": 14325.540272479571, "thermMean": 2471.715684113867, "totalPopulation": 90001.0}, "HEGEWISCH": {"kwhMean": 19133.221896024457, "thermMean": 2067.293302469135, "totalPopulation": 16199.0}, "HERMOSA": {"kwhMean": 18236.69052158273, "thermMean": 3413.6903577817507, "totalPopulation": 65810.0}, "HUMBOLDT PARK": {"kwhMean": 22790.53965986394, "thermMean": 2868.9355904436834, "totalPopulation": 151487.0}, "HYDE PARK": {"kwhMean": 46633.291400966176, "thermMean": 9747.921424999991, "totalPopulation": 101738.0}, "IRVING PARK": {"kwhMean": 20068.15092808854, "thermMean": 2574.8628457283316, "totalPopulation": 162247.0}, "JEFFERSON PARK": {"kwhMean": 17524.66024937658, "thermMean": 2034.4984306569327, "totalPopulation": 61134.0}, "KENWOOD": {"kwhMean": 78888.66472340428, "thermMean": 14023.712051282051, "totalPopulation": 52725.0}, "LAKEVIEW": {"kwhMean": 50364.27712818001, "thermMean": 5502.129000979432, "totalPopulation": 334711.0}, "LINCOLN PARK": {"kwhMean": 70588.19770904146, "thermMean": 5054.583236514522, "totalPopulation": 228466.0}, "LINCOLN SQUARE": {"kwhMean": 33704.0560476582, "thermMean": 3393.336905158065, "totalPopulation": 124273.0}, "LOGAN SQUARE": {"kwhMean": 24187.099684801397, "thermMean": 2750.1047495682187, "totalPopulation": 205276.0}, "LOOP": {"kwhMean": 6183509.654430377, "thermMean": 155153.26763888882, "totalPopulation": 41823.0}, "LOWER WEST SIDE": {"kwhMean": 61774.96566353191, "thermMean": 4320.12266460905, "totalPopulation": 106181.0}, "MCKINLEY PARK": {"kwhMean": 29835.276172566388, "thermMean": 2892.8788913525495, "totalPopulation": 39352.0}, "MONTCLARE": {"kwhMean": 16132.523703703699, "thermMean": 2275.1757471264364, "totalPopulation": 29830.0}, "MORGAN PARK": {"kwhMean": 16996.363645320198, "thermMean": 2206.3466500000013, "totalPopulation": 43861.0}, "MOUNT GREENWOOD": {"kwhMean": 23764.73467391305, "thermMean": 2813.19871934605, "totalPopulation": 29999.0}, "NEAR NORTH SIDE": {"kwhMean": 1076868.083149606, "thermMean": 34819.850893141964, "totalPopulation": 206424.0}, "NEAR SOUTH SIDE": {"kwhMean": 1358415.1652136752, "thermMean": 26398.69431034483, "totalPopulation": 43177.0}, "NEAR WEST SIDE": {"kwhMean": 478588.5404291845, "thermMean": 9526.248425531912, "totalPopulation": 120910.0}, "NEW CITY": {"kwhMean": 40967.62194895594, "thermMean": 4112.412293291731, "totalPopulation": 113547.0}, "NORTH CENTER": {"kwhMean": 22285.26810169489, "thermMean": 2507.202124044175, "totalPopulation": 88793.0}, "NORTH LAWNDALE": {"kwhMean": 21611.844487562183, "thermMean": 3006.8475175175167, "totalPopulation": 98820.0}, "NORTH PARK": {"kwhMean": 44861.814967880084, "thermMean": 3238.075183585313, "totalPopulation": 41996.0}, "NORWOOD PARK": {"kwhMean": 17000.445802583017, "thermMean": 1838.3473408239663, "totalPopulation": 68535.0}, "O'HARE": {"kwhMean": 189974.5676612902, "thermMean": 6421.70287037037, "totalPopulation": 35528.0}, "OAKLAND": {"kwhMean": 26905.13102803738, "thermMean": 4121.123551401869, "totalPopulation": 17553.0}, "PORTAGE PARK": {"kwhMean": 20411.031884726188, "thermMean": 4417.163921113685, "totalPopulation": 163654.0}, "PULLMAN": {"kwhMean": 67347.90957219253, "thermMean": 4773.1635135135175, "totalPopulation": 13557.0}, "RIVERDALE": {"kwhMean": 320354.9134782609, "thermMean": 21700.915344827587, "totalPopulation": 9333.0}, "ROGERS PARK": {"kwhMean": 40035.22730733523, "thermMean": 5203.839223484846, "totalPopulation": 204202.0}, "ROSELAND": {"kwhMean": 14163.59464480875, "thermMean": 2189.1996952908535, "totalPopulation": 85236.0}, "SOUTH CHICAGO": {"kwhMean": 13420.353185929645, "thermMean": 2284.357839756591, "totalPopulation": 82987.0}, "SOUTH DEERING": {"kwhMean": 34627.7780612245, "thermMean": 2606.472428198434, "totalPopulation": 29273.0}, "SOUTH LAWNDALE": {"kwhMean": 30182.966803966454, "thermMean": 3177.8629969650965, "totalPopulation": 208288.0}, "SOUTH SHORE": {"kwhMean": 16965.752368640548, "thermMean": 4807.272632911389, "totalPopulation": 178130.0}, "UPTOWN": {"kwhMean": 50152.8670734597, "thermMean": 5572.078663484489, "totalPopulation": 230768.0}, "WASHINGTON HEIGHTS": {"kwhMean": 11590.67874025973, "thermMean": 1938.8195300261073, "totalPopulation": 48274.0}, "WASHINGTON PARK": {"kwhMean": 32815.208830645155, "thermMean": 4817.925596707819, "totalPopulation": 40305.0}, "WEST ELSDON": {"kwhMean": 23683.658477690256, "thermMean": 1966.6837851662415, "totalPopulation": 32028.0}, "WEST ENGLEWOOD": {"kwhMean": 13780.861723563705, "thermMean": 2117.1219456244694, "totalPopulation": 79245.0}, "WEST GARFIELD PARK": {"kwhMean": 16001.299161904773, "thermMean": 3020.9947701149417, "totalPopulation": 47976.0}, "WEST LAWN": {"kwhMean": 87378.13726744187, "thermMean": 4079.0194134897342, "totalPopulation": 59536.0}, "WEST PULLMAN": {"kwhMean": 10554.522561756636, "thermMean": 1822.61535615171,